{"cameraMode":{"drawMode":0,"name":"Shaded","section":"Shading Mode"},"sceneLighting":false,"audioPlay":false,"sceneViewState":{"m_AlwaysRefresh":false,"showFog":true,"showSkybox":false,"showFlares":true,"showImageEffects":true,"showParticleSystems":true,"showVisualEffectGraphs":true,"m_FxEnabled":true},"in2DMode":false,"pivot":{"x":2.9775772094726564,"y":0.10000000149011612,"z":15.734062194824219},"rotation":{"x":0.10934866964817047,"y":0.15882909297943116,"z":-0.01770244538784027,"w":0.9810753464698792},"size":18.028034210205079,"orthographic":false}