{"cameraMode":{"drawMode":0,"name":"Shaded","section":"Shading Mode"},"sceneLighting":false,"audioPlay":false,"sceneViewState":{"m_AlwaysRefresh":false,"showFog":true,"showSkybox":false,"showFlares":true,"showImageEffects":true,"showParticleSystems":true,"showVisualEffectGraphs":true,"m_FxEnabled":true},"in2DMode":false,"pivot":{"x":16.301183700561525,"y":7.591291904449463,"z":14.89535140991211},"rotation":{"x":0.10934866964817047,"y":0.15882909297943116,"z":-0.01770244538784027,"w":0.9810753464698792},"size":16.468761444091798,"orthographic":false}